Product ID,Score
SKU-0001-54321,19822919.664575636
SKU-0000-12345,573410.9865646958
